Photo Filename,Photo Caption
photos/0b560193-bb26-4e91-8f44-f77cc7c49725.jpg,""
photos/d1b173e8-94bf-4e4d-b430-1b7fc4aae61b.jpg,""
photos/b97ca152-9e50-45da-beba-8339ca75316a.jpg,""
photos/3b03f02c-879f-4f38-a56c-ffec5699e2de.jpg,""
photos/430ad132-f795-4cfb-ac1e-92f71cb3899a.jpg,""
photos/10c8a2ff-132c-44bc-a36f-15dc4cf034f7.jpg,""
photos/3a864b97-181c-4959-9890-be9fef255872.jpg,""
photos/f4bad4c3-ddff-474e-aa1b-f3b5b19608d3.jpg,""
photos/c48d0508-1309-412d-a7d7-394e0d1fe354.jpg,""
photos/95b2dba2-9123-414d-9267-85a8aa25e656.jpg,""
photos/24a2c7ed-3dc5-49a2-9885-7f6d1d66b77f.jpg,""
photos/71c44a48-2d8c-4bf9-92f1-fde7aadab586.jpg,""
photos/a2fa815f-f84e-4cfe-a18e-ed99788a6c9a.jpg,""
photos/b60b7204-6128-4194-9c02-7a7d3937b164.jpg,""
photos/ed88f011-2ad0-49cb-ae89-acb43572760e.jpg,""
photos/8f111bc1-5aa2-47c3-ac17-10371de30e16.jpg,""
photos/bf0223d3-6b17-4c89-96be-6460f71d6a83.jpg,""
photos/59ae8783-a313-45a3-a996-7c6c403c980b.jpg,""
photos/ff5db5ed-788b-40dc-856a-3b87b948fcad.jpg,""
photos/5615c3c5-65fb-406a-9919-2edc7c2469b1.jpg,""
photos/7845fe2e-b6e7-47e6-9779-614873a8f33b.jpg,""
photos/02c264c9-56de-4162-bfd1-661e22f76a18.jpg,""
photos/550f03ab-967b-42bf-92d4-bcf4682bbe7d.jpg,Green up
photos/c1096411-3fa1-45bb-b9e3-87f01afb0789.jpg,""
photos/7acb6556-d42e-424c-94de-6976cfc8c56a.jpg,""
photos/4bab6e92-f342-480c-b5c7-9287151e4f65.jpg,""
photos/065ce7d8-7e1b-4e4e-8bbe-d1fdd8bf9b9e.jpg,""
photos/c090b25e-4e93-4d78-bf56-4167e097d2c2.jpg,""
photos/ffb2b662-c22e-46c4-95cc-96fb4df4ccb3.jpg,""
photos/0daa56eb-8447-4823-a115-92771b8a6273.jpg,""
photos/ed3f53f3-2000-4f6f-86e9-22aaba159ace.jpg,""
photos/5c73d9cb-bc6f-40e7-8d2f-f87b834413f3.jpg,""
photos/385ce595-6d3a-482b-b627-dee25111a0af.jpg,""
photos/688e17ea-1e8f-4e00-a13b-9213ca299a06.jpg,""
photos/8a8b14d2-139f-4e92-b635-9382b5553ef9.jpg,""
photos/ad4d0488-93b8-4842-ab29-1a3692435dec.jpg,""
photos/275710dc-a138-490e-bdcd-322c31a44e3e.jpg,""
photos/2c976d45-c956-42e6-8dc0-1fa3aab535c5.jpg,""
photos/c557b7c1-8810-4943-a520-a83820be6c93.jpg,""
photos/851a4cff-b703-4988-84d0-9a0aedabdb28.jpg,""
photos/5d31475b-1a4f-4070-8efd-1aa4eb905cb6.jpg,""
photos/04cfc767-fc6f-40f9-a37d-954cf91576c1.jpg,""
photos/1f506ab0-4e8f-480c-b928-46c8829c4fdf.jpg,""
photos/c05a7a78-5e0d-47d0-96ee-f68d192ba727.jpg,""
